id,origin_name,result_nums,final_name,type,errorcode,certified,hasany
16,1,3256,,错误,1,,
50,2,2967,,错误,1,,
442,3,2075,,错误,1,,
106,5,1267,,错误,1,,
431,finca,0,,错误,1,,
282,wa guan q,0,,错误,1,,
453,阿海小馆,0,,错误,1,,
567,巴老四,0,,错误,1,,
168,北关口,0,,错误,1,,
41,不记得了,0,,错误,1,,
377,赤吉枫,0,,错误,1,,
370,纯粹食府,0,,错误,1,,
61,凑凑,0,,错误,1,,
402,大好时光,0,,错误,1,,
209,丹尼斯超市里面的饭店,0,,错误,1,,
480,德容记,0,,错误,1,,
357,饭店,1090,,错误,1,,
324,甘思咪哚,0,,错误,1,,
511,鸽子楼,0,,错误,1,,
211,姑奶奶厨坊,0,,错误,1,,
469,谷万家,0,,错误,1,,
380,海蓉,0,,错误,1,,
537,花涧肆,0,,错误,1,,
338,记不起来了,0,,错误,1,,
526,觉名苑,0,,错误,1,,
203,街边小吃,0,,错误,1,,
210,锦艺城广顺兴,0,,错误,1,,
138,酒店,4222,,错误,1,,
182,橘子餐厅,0,,错误,1,,
315,军民饭店,0,,错误,1,,
510,蓝天大苏山酒店,0,,错误,1,,
148,老六农家院,0,,错误,1,,
573,卤一锅,0,,错误,1,,
237,陆十七门,0,,错误,1,,
448,路边吃法，加班公司没饭,0,,错误,1,,
340,路边小店,0,,错误,1,,
367,洛阳餐馆,0,,错误,1,,
420,漯河,9,,错误,1,,
0,驴肉饺子馆,0,,错误,1,,
125,马记餐馆,0,,错误,1,,
533,马人红凉皮,0,,错误,1,,
279,没记住名字,0,,错误,1,,
417,美味酒家,0,,错误,1,,
488,渑池宾馆,0,,错误,1,,
419,穆全羊,0,,错误,1,,
297,奈石寿喜锅,0,,错误,1,,
569,牛一锅,0,,错误,1,,
343,胖东来时代广场,0,,错误,1,,
265,青转牛腩火锅,0,,错误,1,,
518,清真食堂,0,,错误,1,,
508,三锅演义,0,,错误,1,,
513,三和屋,0,,错误,1,,
547,厦门宝格丽酒店,0,,错误,1,,
33,山厅家府,0,,错误,1,,
487,盛合丽晶大酒店,0,,错误,1,,
470,盛和饭店,0,,错误,1,,
167,顺河郭氏,0,,错误,1,,
433,太格茂锅大侠,0,,错误,1,,
290,碳烤鱼大盘鸡,0,,错误,1,,
473,桃园仙庄,0,,错误,1,,
454,滕王阁,0,,错误,1,,
565,铜顺斋,0,,错误,1,,
430,王春华,0,,错误,1,,
107,王老贺,0,,错误,1,,
501,忘记了,0,,错误,1,,
483,忘了,0,,错误,1,,
478,忘了，烤鱼,0,,错误,1,,
190,围虾串串,0,,错误,1,,
401,围虾小火锅,0,,错误,1,,
418,味庄,6,,错误,1,,
29,乌江镇,0,,错误,1,,
345,犀牛艾尔,0,,错误,1,,
497,虾锅虾涮,0,,错误,1,,
280,虾米,7,,错误,1,,
390,湘味,46,,错误,1,,
494,逍遥烫,0,,错误,1,,
112,小餐馆,8,,错误,1,,
202,新密的餐馆,0,,错误,1,,
163,鑫源全羊鲜汤烩面烧烤店,0,,错误,1,,
553,鸭血火锅店,0,,错误,1,,
403,意式小馆,0,,错误,1,,
334,遇见花开音乐餐厅,0,,错误,1,,
460,煜丰美食,0,,错误,1,,
80,豫合汇,0,,错误,1,,
475,豫合会,0,,错误,1,,
128,豫和汇,0,,错误,1,,
477,云南石锅鱼,0,,错误,1,,
365,张嘴巴,0,,错误,1,,
572,长沙的特色餐馆，忘了名字,0,,错误,1,,
385,志成清江鱼,0,,错误,1,,
129,中原农家馆,0,,错误,1,,
528,周口冯唐于刘寨爱琴海饭店,0,,错误,1,,
576,周口市姚桥饭店,0,,错误,1,,
405,转圈圈小火锅,0,,错误,1,,
286,紫屿酒楼,0,,错误,1,,
158,自助大骨头,0,,错误,1,,
217,自助烤肉饭,0,,错误,1,,
344,澳洲茶餐厅,0,茶餐厅,大概率正确,3,,
304,北牛排火锅店,0,牛排火锅,大概率正确,3,,
571,春.烤堂,0,烤堂,大概率正确,3,,
256,大娘水饺,0,大娘,大概率正确,3,,
108,大卫城,635,大卫城,大概率正确,3,,
250,国贸,828,国贸,大概率正确,3,,
555,何氏餐馆,0,何氏,大概率正确,3,,
381,贺记蛋烘糕,0,贺记酸菜鱼,大概率正确,3,,
249,惠济万达,281,惠济万达,大概率正确,3,,
241,简铺寨,0,简朴寨,大概率正确,3,FALSE,
462,江南味道,0,江南,大概率正确,3,,
309,解家,21,解家,大概率正确,3,TRUE,
384,解家河南菜,14,解家河南菜,大概率正确,3,TRUE,
525,金苹果,41,金苹果,大概率正确,3,,
166,锦祥炝锅鱼,0,炝锅鱼,大概率正确,3,TRUE,
568,开封名吃,20,开封名吃,大概率正确,3,,
228,老根地锅炖,0,地锅炖,大概率正确,3,,
161,龙继石斑鱼,0,龙继,大概率正确,3,FALSE,
463,满天星,20,满天星,大概率正确,3,,
559,满天星、拉亚汉堡,0,满天星,大概率正确,3,,
397,那些年的妈妈菜,0,妈妈,大概率正确,3,,
244,山西面馆,182,山西面馆,大概率正确,3,,
457,万达广场,725,万达广场,大概率正确,3,,
388,万象城,260,万象城,大概率正确,3,,
312,虾,1319,虾,大概率正确,3,,
47,小吃店,488,小吃店,大概率正确,3,,
52,小饭馆,6,小饭馆,大概率正确,3,,
362,小馆子,69,小馆子,大概率正确,3,,
58,小胡子,4,小胡子,大概率正确,3,,
229,鑫源,497,鑫源,大概率正确,3,,
398,夜市,224,夜市,大概率正确,3,,
436,宜家餐厅,0,宜家家居,大概率正确,3,,
373,宜家家居,11,宜家家居,大概率正确,3,,
550,早餐店,88,早餐店,大概率正确,3,,
92,张记,482,张记,大概率正确,3,,
441,张老炝烩面,0,张老炝,大概率正确,3,TRUE,
522,祖母的餐厅,0,祖母,大概率正确,3,FALSE,
285,白记灌汤烧饼,0,白记灌汤包,大概率正确,3,,
542,蔡记,31,蔡记,大概率正确,3,,
151,柴门,3,柴门,大概率正确,3,FALSE,
198,陈记,202,陈记,大概率正确,3,,
491,成都冒菜,6,成都冒菜,大概率正确,3,,
120,成记,11,成记,大概率正确,3,,
333,春光,71,春光,大概率正确,3,,
155,春光快餐,1,春光,大概率正确,3,,
153,大碗丼,4,熊吞·大碗丼,大概率正确,3,TRUE,
574,稻香,42,稻香,大概率正确,3,,
302,登封,1256,登封,大概率正确,3,,
408,东北饺子馆,28,东北饺子王,大概率正确,3,,
1,河洛面,5,河洛面,大概率正确,3,,
413,湖北菜馆,1,老汉口湖北菜馆,大概率正确,3,,
371,虎记,22,虎记,大概率正确,3,,
427,花千代,22,花千代秘制烤鱼,大概率正确,3,FALSE,
291,鸡公虾婆,15,鸡公虾婆,大概率正确,3,TRUE,
55,家宴城,5,家宴城,大概率正确,3,,
570,姐妹粥,4,姐妹粥,大概率正确,3,,
445,解家酒楼,0,解家味道,大概率正确,3,,
220,金色港湾,23,金色港湾,大概率正确,3,,
184,九锅一堂,3,九锅一堂,大概率正确,3,FALSE,
372,昆仑乐居,16,昆仑乐居酒店,大概率正确,3,,
192,老豫记,4,老豫记羊肉汤,大概率正确,3,FALSE,
110,烙馍村,264,烙馍村,大概率正确,3,,
421,留白,6,留白西餐厅,大概率正确,3,FALSE,
19,柳生记螺蛳粉,0,柳州螺蛳粉,大概率正确,3,,
246,柳州螺蛳粉,107,柳州螺蛳粉,大概率正确,3,,
15,洛馍村,14,烙馍村,大概率正确,3,,
145,胖哥俩,8,胖哥俩肉蟹煲,大概率正确,3,TRUE,
295,仟吉,41,仟吉KenGee,大概率正确,3,FALSE,
319,三人行,48,三人行火锅,大概率正确,3,,
374,五谷鱼粉,35,五谷鱼粉,大概率正确,3,,
267,五谷渔粉,131,五谷鱼粉,大概率正确,3,,
134,武汉热干面,181,武汉热干面,大概率正确,3,,
578,小烧饼,3,原二小烧饼,大概率正确,3,,
311,晏曲烩面,2,晏曲烩面烙馍村,大概率正确,3,,
17,云南过桥米线,102,云南过桥米线,大概率正确,3,,
38,郑喜旺,9,郑喜旺烧烤,大概率正确,3,FALSE,
213,**炒鸡,0,炒鸡,范围过大,2,,
464,八大碗,12,八大碗,大概率正确,3,,
440,潮辣火锅,0,蔡记,错误,1,,
498,陈记麻辣小龙虾,0,成记,范围过大,2,,
37,川菜,367,川菜,范围过大,2,,
11,串串香火锅,31,串串香火锅,大概率正确,3,FALSE,
191,粗粮小厨,14,粗粮小厨,大概率正确,3,FALSE,
521,大骨头,153,大骨头,大概率正确,3,,
75,大排档,119,大排档,范围过大,2,,
193,大盘鸡,1654,大盘鸡,范围过大,2,,
336,地锅鸡,70,饭店,范围过大,2,,
216,东北烧烤菜馆,0,烧烤,范围过大,2,,
177,豆豆鲜炸串店,0,炸串,范围过大,2,,
527,豆花烧烤,0,烧烤,范围过大,2,,
366,尔萨烧烤,0,烧烤,范围过大,2,,
271,放团结胡辣汤,0,胡辣汤,范围过大,2,,
495,丰庆路兰州拉面店,0,兰州拉面,大概率正确,3,,
360,干锅鸭,23,干锅鸭,范围过大,2,,
113,哥俩好火锅店,0,哥俩,大概率正确,3,,
264,公园茂小哥烤肉,0,烤肉,范围过大,2,,
493,郭振大排档,0,大排档,范围过大,2,,
307,海霸王火锅,0,火锅,范围过大,2,,
428,海鲜餐厅,17,海鲜,范围过大,2,,
538,韩庄烩面,0,烩面,范围过大,2,,
530,河南胡辣汤,0,胡辣汤,范围过大,2,,
502,饸饹面馆,14,饸饹面,范围过大,2,,
308,饸络面馆,0,饸饹面,范围过大,2,,
24,侯振东胡辣汤,0,胡辣汤,范围过大,2,,
3,胡辣汤,2170,胡辣汤,范围过大,2,,
306,胡羊排,17,胡羊排,范围过大,2,,
544,黄焖鸡,1579,黄焖鸡米饭,范围过大,2,,
124,黄焖鸡米饭,1180,黄焖鸡米饭,范围过大,2,,
66,烩面馆,279,烩面,范围过大,2,,
266,馄饨,300,馄饨,范围过大,2,,
20,火锅,2197,火锅,范围过大,2,,
346,火锅店,72,火锅,范围过大,2,,
104,鸡公煲,112,鸡公煲,范围过大,2,,
349,郏县饸饹面,136,饸饹面,范围过大,2,,
54,椒麻鸡,76,椒麻鸡,大概率正确,3,,
157,剧烧烤,0,烧烤,范围过大,2,,
507,开封大盘鸡,0,大盘鸡,范围过大,2,,
257,烤肉,683,烤肉,范围过大,2,,
91,烤肉店,8,烤肉,范围过大,2,,
114,烤肉店（）忘记了,0,烤肉,范围过大,2,,
90,烤小串,19,烤肉,范围过大,2,,
144,烤鱼,331,烤鱼,范围过大,2,,
579,烤鱼店,6,烤鱼,范围过大,2,,
557,拉面,1077,拉面,范围过大,2,,
379,拉面馆,34,拉面,范围过大,2,,
352,赖尚火锅,0,火锅,范围过大,2,,
62,兰州拉面,371,兰州拉面,范围过大,2,,
368,兰州拉面馆,4,兰州拉面,范围过大,2,,
404,老北京火锅,0,火锅,范围过大,2,,
393,老碗面,364,老碗面,范围过大,2,,
82,螺蛳粉,152,螺蛳粉,范围过大,2,,
472,驴肉馆,32,驴肉,范围过大,2,,
174,驴肉火烧,242,驴肉火烧,范围过大,2,,
432,驴肉火烧店,3,驴肉火烧,范围过大,2,,
288,麻辣烫,1306,麻辣烫,范围过大,2,,
111,麻辣小面,12,麻辣小面,范围过大,2,,
60,麻婆豆腐,44,麻婆豆腐,范围过大,2,,
325,马记原阳烩面,0,原阳,大概率正确,3,,
356,马路边串串香,0,串串香,范围过大,2,,
39,焖罐,16,闷罐,范围过大,2,,
423,面馆,1586,面,范围过大,2,,
556,南湾鱼,6,南湾鱼,范围过大,2,,
242,牛排自助,10,牛排自助,大概率正确,3,,
149,牛肉拉面,473,拉面,范围过大,2,,
489,农家,787,农家菜,范围过大,2,,
566,农家菜馆,26,农家菜,范围过大,2,,
364,农家乐,66,农家菜,范围过大,2,,
296,欧卡啦自助餐,0,自助餐,范围过大,2,,
536,啤酒鸭,120,啤酒鸭,范围过大,2,,
396,俏哥炒鸡,0,炒鸡,范围过大,2,,
40,茄汁面,117,茄汁面,范围过大,2,,
89,清兰轩烩面,0,烩面,范围过大,2,,
219,热干面,1886,热干面,范围过大,2,,
504,肉蟹煲,31,肉蟹煲,大概率正确,3,,
523,三毛烧烤,0,烧烤,范围过大,2,,
18,山西刀削面,260,刀削面,范围过大,2,,
21,烧烤,1752,烧烤,范围过大,2,,
409,烧烤炝锅面,0,烧烤,范围过大,2,,
509,烧烤摊,0,烧烤,范围过大,2,,
245,哨子面馆,0,面,范围过大,2,,
64,石锅拌饭,41,石锅拌饭,大概率正确,3,,
466,石锅鱼,37,石锅鱼,大概率正确,3,,
172,蜀九香火锅,0,火锅,范围过大,2,,
512,双全烧烤,0,烧烤,范围过大,2,,
176,双榆牛肉面,0,牛肉面,范围过大,2,,
348,思念果岭自助餐厅,0,自助餐,范围过大,2,,
519,四川菜馆,23,川菜,范围过大,2,,
84,酸菜鱼,400,酸菜鱼,范围过大,2,,
492,太二酸菜鱼,0,酸菜鱼,范围过大,2,,
351,泰式火锅,2,火锅,大概率正确,3,,
467,唐河烩面,0,唐河,大概率正确,3,,
277,天赐缘米线,0,天赐缘,大概率正确,3,,
444,添客串串香,0,串串香,范围过大,2,,
342,贴记羊肉汤,0,羊肉汤,范围过大,2,,
150,湘菜馆,79,湘菜,范围过大,2,,
164,小辉烩面,0,烩面,范围过大,2,,
115,小火锅,526,火锅,范围过大,2,,
499,小龙虾,177,小龙虾,范围过大,2,,
263,小琪家麻将米线,0,米线,范围过大,2,,
410,小秀面馆,0,面,范围过大,2,,
474,信阳菜,119,信阳菜,范围过大,2,,
261,信阳菜馆,39,信阳菜,范围过大,2,,
65,旋转小火锅,310,火锅,范围过大,2,,
212,薛记米皮,3,,大概率正确,3,FALSE,
169,羊肉烩面,72,烩面,范围过大,2,,
391,羊肉烩面店,0,烩面,范围过大,2,,
439,羊肉泡馍,13,羊肉泡馍,范围过大,2,,
535,羊肉汤,526,羊肉汤,范围过大,2,,
269,羊肉汤馆,73,羊肉汤,范围过大,2,,
577,尹庄羊肉馆,0,羊肉,范围过大,2,,
46,鱼馆,14,鱼,范围过大,2,,
281,玉醇香牛肉面,0,牛肉面,范围过大,2,,
581,岳文山烧烤,0,烧烤,范围过大,2,,
496,赵帅烧烤,0,烧烤,范围过大,2,,
8,纸包鱼,64,纸包鱼,大概率正确,3,,
44,中餐馆,0,中餐,范围过大,2,,
45,中餐厅,56,中餐,范围过大,2,,
2,重庆小面,275,重庆小面,范围过大,2,,
554,滋补烩面,158,烩面,范围过大,2,,
274,白家桥头肥肠粉,0,白家杨记肥肠粉,正确,0,,
254,椰子鸡,2,椰子鸡,正确,0,,
214,76人烩面,1,76人老烩面,正确,0,TRUE,
189,76人老烩面,18,76人老烩面,正确,0,TRUE,
303,CBD 城墙根,0,城墙根,正确,0,,
549,DQ,32,DQ,正确,0,TRUE,
292,KFC,0,肯德基,正确,0,TRUE,
122,阿甘小馆,1,阿甘小馆,正确,0,FALSE,
42,阿利茄汁面,78,阿利茄汁面,正确,0,FALSE,
223,阿亮麻辣烫,2,阿亮麻辣烫,正确,0,,
326,阿明煲仔饭,35,阿明煲仔饭,正确,0,FALSE,
456,阿彭回锅肉,1,阿彭回锅肉,正确,0,FALSE,
451,阿平牛杂,1,阿平牛杂,正确,0,TRUE,
133,阿三生煎,29,阿三生煎,正确,0,FALSE,
287,阿庄,5,阿庄地道豫菜,正确,0,,
143,艾尚小厨,1,艾尚小厨,正确,0,,
516,安妮咖啡,1,安妮咖啡,正确,0,,
13,巴奴,18,巴奴毛肚火锅,正确,0,FALSE,
170,巴奴火锅,2,巴奴毛肚火锅,正确,0,FALSE,
28,巴奴毛肚火锅,14,巴奴毛肚火锅,正确,0,FALSE,
35,巴西烤肉,6,巴西烤肉,正确,0,,
438,白记烩面馆,4,白记烩面馆,正确,0,,
181,白石的深夜食堂,1,白石的深夜食堂,正确,0,TRUE,
173,白石深夜食堂,0,白石的深夜食堂,正确,0,TRUE,
94,百年老味,3,百年老味炝锅面,正确,0,,
443,百年味道,5,百年味道炝锅面,正确,0,,
394,棒约翰,6,棒约翰比萨,正确,0,TRUE,
159,宝蓉和肥肠粉,1,宝蓉和肥肠粉,正确,0,FALSE,
206,北疆饭店,3,北疆饭店,正确,0,FALSE,
105,北角秀味,4,北角秀味港式茶餐厅,正确,0,FALSE,
353,本穆牛肉拉面,0,本穆青海牛肉面,正确,0,FALSE,
135,本穆牛肉面,0,本穆青海牛肉面,正确,0,FALSE,
248,彼酷哩,14,彼酷哩烤全鱼,正确,0,FALSE,
200,彼酷哩烤鱼,0,彼酷哩烤全鱼,正确,0,FALSE,
465,彼哩酷烤全鱼,0,彼酷哩烤全鱼,正确,0,FALSE,
98,必胜客,18,必胜客,正确,0,TRUE,
375,布谷布谷,100,布谷布谷热干面,正确,0,FALSE,
412,布谷布谷热干面,98,布谷布谷热干面,正确,0,FALSE,
358,柴门饭儿,2,柴门,正确,0,FALSE,
482,陈师傅热干面,16,蔡记,正确,0,,
320,成碗热干面,10,成碗热干面,正确,0,FALSE,
194,翅酷,3,翅酷,正确,0,FALSE,
77,串库,2,串库,正确,0,,
96,窗外,3,窗外意大利西餐厅,正确,0,,
314,春光早餐,28,春光早餐,正确,0,FALSE,
316,粗粮馍菜汤,2,粗粮馍菜汤,正确,0,,
154,崔记米线,34,崔记米线,正确,0,,
505,大厨小宴,3,大厨小宴,正确,0,,
540,大胖喜鱼煲煲,5,大胖喜鱼煲煲,正确,0,,
235,大秦地,5,大秦地,正确,0,FALSE,1
63,大宋逍遥胡辣汤,0,逍遥镇胡辣汤,正确,0,,
429,大渔,8,大渔铁板烧,正确,0,FALSE,
322,大章烙馍村,1,大章烙馍村,正确,0,,
514,大智若鱼,1,大智若鱼·新国风鱼火锅,正确,0,,
79,丹尼斯六天地蔡林记,0,蔡林记,正确,0,FALSE,
97,德克士,62,德克士,正确,0,TRUE,
354,丁丁私厨,1,丁丁私厨,正确,0,,
407,鼎鼎红,2,鼎鼎红川味火锅,正确,0,,
93,东北饺子王,1,东北饺子王,正确,0,,
582,东府,14,东府饭店,正确,0,FALSE,
208,东来顺,8,东来顺,正确,0,FALSE,
22,东盛丽都,2,东盛丽都大酒店,正确,0,,
232,豆捞坊,5,豆捞坊,正确,0,FALSE,1
327,嘟嘟鱼,7,嘟嘟鱼,正确,0,,
218,俄式厨房,1,俄式厨房,正确,0,,
361,二合馆,3,二合馆,正确,0,FALSE,
323,二胖擀面皮,21,二胖擀面皮,正确,0,FALSE,
539,二人烧烧肉,0,二人烧,正确,0,,
5,方中山,60,方中山胡辣汤,正确,0,FALSE,
275,方中山胡辣汤,59,方中山胡辣汤,正确,0,FALSE,
546,飞乐小厨,0,飞乐时尚餐厅,正确,0,,
329,疯狂烧烤,2,疯狂烧烤,正确,0,,
335,芙蓉巷,8,芙蓉巷成都名小吃,正确,0,TRUE,
328,福满楼,13,福满楼,正确,0,,
72,福状元,27,福状元粥店,正确,0,FALSE,
506,呷哺呷哺,9,呷哺呷哺,正确,0,FALSE,1
562,公社农场,1,公社农场,正确,0,,
243,谷连天,1,谷连天八宝粥,正确,0,FALSE,
458,谷养元,3,谷养元粥铺,正确,0,,
347,谷雨春,4,谷雨春红烧黄河大鲤鱼,正确,0,FALSE,1
548,谷雨春，南阳大砂锅,0,谷雨春红烧黄河大鲤鱼,正确,0,FALSE,1
204,光光酱炒鸡,2,光光酱炒鸡,正确,0,FALSE,
411,锅巴饮火锅,0,锅巴饮年代火锅,正确,0,FALSE,
253,锅巴饮年代火锅,11,锅巴饮年代火锅,正确,0,FALSE,
141,锅大侠,10,锅大侠市集火锅,正确,0,FALSE,1
270,虢国羊肉汤,5,虢国羊肉汤,正确,0,FALSE,
4,海底捞,23,海底捞火锅,正确,0,FALSE,
230,海底捞，霖豆烤鱼,0,海底捞火锅,正确,0,FALSE,
226,海底捞巴奴火锅,0,海底捞火锅,正确,0,FALSE,
127,海底捞火锅,19,海底捞火锅,正确,0,FALSE,
317,韩风源自助烤肉餐厅,0,韩风源自助烤肉,正确,0,FALSE,
26,汉堡王,13,汉堡王,正确,0,FALSE,
59,杭州小笼包店,1,杭州小笼包店,正确,0,,
51,豪客来,11,豪客来牛排,正确,0,TRUE,
531,豪客来牛排,9,豪客来牛排,正确,0,TRUE,
313,豪享来,29,豪享来牛排,正确,0,TRUE,
123,合记烩面,7,合记烩面,正确,0,FALSE,
76,合流镇胡辣汤,4,合流镇胡辣汤,正确,0,FALSE,
332,贺记酸菜鱼,1,贺记酸菜鱼,正确,0,,
479,弘润华夏大酒店,7,弘润华夏大酒店,正确,0,,
278,洪崖洞毛肚火锅,1,洪崖洞毛肚火锅,正确,0,,
260,鸿茂斋,5,鸿茂斋,正确,0,FALSE,
564,湖南大碗菜,9,湖南大碗菜,正确,0,FALSE,
215,虎丹鸿源斋,1,虎丹鸿源斋,正确,0,,
560,虎子烧烤,1,虎子烧烤,正确,0,,
187,花甲客，二七广场店,0,花甲客,正确,0,TRUE,
86,花千代烤鱼,3,花千代秘制烤鱼,正确,0,FALSE,
561,花园路丹尼斯花千代,0,花千代秘制烤鱼,正确,0,FALSE,
350,华莱士,70,华莱士,正确,0,TRUE,
389,华豫川,3,华豫川酒家,正确,0,FALSE,
301,怀生记,6,怀生记小馆,正确,0,,
426,淮南牛肉汤,65,淮南牛肉汤,正确,0,,
551,黄瓜条串串火锅,2,黄瓜条串串火锅,正确,0,FALSE,
376,黄河迎宾馆,10,黄河迎宾馆,正确,0,,
563,黄记煌,8,黄记煌三汁焖锅,正确,0,TRUE,
81,黄记煌三汁焖锅,6,黄记煌三汁焖锅,正确,0,TRUE,
30,黄家包子,1,开封黄家包子,正确,0,,
175,汇艺万怡酒店,2,汇艺万怡酒店,正确,0,FALSE,
69,惠风楼,1,惠风楼,正确,0,,
68,集渔,3,集渔泰式海鲜火锅,正确,0,FALSE,
23,建业艾美曙日本餐厅,0,建业艾美酒店,正确,0,FALSE,
520,建业大食堂,3,戏缘·建业大食堂,正确,0,FALSE,
273,姐弟俩,17,姐弟俩土豆粉,正确,0,TRUE,
70,解家味道,1,解家味道,正确,0,,
406,筋面郎,6,筋面郎,正确,0,TRUE,
262,筋头巴脑,2,筋头巴脑,正确,0,,
205,晋面王,2,晋面王山西老面馆,正确,0,,
201,晋味缘老山西面馆,1,晋味缘老山西面馆,正确,0,,
485,京馆涮,10,京馆涮,正确,0,TRUE,
284,九田家烤肉,1,九田家烤肉,正确,0,,
471,九云川,1,九云川,正确,0,FALSE,
468,久吉家,1,久吉家,正确,0,TRUE,
517,久如香,4,久如香,正确,0,FALSE,1
300,军力烧烤,10,军力烧烤,正确,0,FALSE,1
224,开封灌汤包,20,开封灌汤包,正确,0,,
32,开顺,6,开顺美食,正确,0,,
48,肯德基,48,肯德基,正确,0,TRUE,
459,口味堂,2,口味堂,正确,0,FALSE,
53,宽窄巷子,10,宽窄巷子,正确,0,FALSE,1
197,老丁家烩面,2,老丁家烩面,正确,0,,
422,老汉口热干面,62,老汉口热干面,正确,0,FALSE,
67,老家味道地锅,0,老家味道·大炖锅,正确,0,,
36,老狼大盘鸡,118,老狼大盘鸡,正确,0,FALSE,
132,老鲁家手擀面,2,老鲁家手擀面,正确,0,,
330,老上海混沌馆,0,老上海馄饨王,正确,0,,
524,老树林东北烧烤,2,老树林东北烧烤,正确,0,FALSE,
452,老长沙罐子楼,4,老长沙罐子楼,正确,0,FALSE,
233,老庄户炒鸡,1,老庄户炒鸡,正确,0,,
447,李想大虾,9,李想大虾,正确,0,,
195,靓靓龙虾,1,靓靓龙虾,正确,0,,
43,刘记羊肉汤,21,刘记羊肉汤,正确,0,FALSE,
272,龙裕山庄,5,龙裕山庄,正确,0,FALSE,
14,炉小哥,7,炉小哥烤肉,正确,0,TRUE,
78,炉小哥烤肉,7,炉小哥烤肉,正确,0,TRUE,
116,洛阳市南关小碗牛肉汤总店,0,洛阳小碗牛肉汤,正确,0,,
476,马记烩面,13,马记烩面,正确,0,,
10,马记老字号,1,马记老字号,正确,0,,
435,马记飘香热干面,1,马记飘香热干面,正确,0,,
318,马军烧烤,1,马军烧烤,正确,0,,
183,麦当劳,30,麦当劳,正确,0,FALSE,
541,麦克斯,4,麦克斯,正确,0,,
543,麦香烩面,1,小麦香烩面,正确,0,,
56,曼玉,5,曼玉融合餐厅,正确,0,FALSE,
450,曼玉餐厅,0,曼玉融合餐厅,正确,0,FALSE,
359,曼玉新都会,0,曼玉融合餐厅,正确,0,FALSE,
238,美食公社,3,美食公社,正确,0,,
185,密雪冰城,0,蜜雪冰城,正确,0,TRUE,
102,庙东排骨,12,庙东排骨,正确,0,TRUE,
142,娜娜大盘鸡,4,娜娜大盘鸡,正确,0,,
486,牛蛙爱上虾,9,牛蛙爱上虾,正确,0,FALSE,
399,牛羊小馆,1,牛羊小馆,正确,0,,
534,农家小院,13,农家小院,正确,0,,
310,胖哥俩肉蟹煲,6,胖哥俩肉蟹煲,正确,0,TRUE,
339,齐祺鱼锅,2,齐祺渔锅,正确,0,FALSE,
363,齐祺渔锅,24,齐祺渔锅,正确,0,FALSE,
387,祺齐鱼锅,0,齐祺渔锅,正确,0,FALSE,
331,杞国砂锅,1,杞国砂锅,正确,0,,
424,俏七夕,16,俏七夕米线,正确,0,,
294,蓉亭食贝,2,蓉亭食贝餐厅,正确,0,,
425,蓉小月,17,蓉小月,正确,0,FALSE,1
446,三厂烩羊肉,6,三厂烩羊肉,正确,0,,
545,三支羊,0,三只羊烧烤,正确,0,,
490,森虎虾尾,21,森虎虾尾,正确,0,,
240,沙县,600,沙县小吃,正确,0,,
57,沙县小吃,566,沙县小吃,正确,0,,
99,沙县小吃，粥店,0,沙县小吃,正确,0,,
162,山上下,1,山上下,正确,0,,
171,汕锦记,6,汕锦记潮汕牛肉火锅,正确,0,FALSE,1
337,申家大院,2,申家大院,正确,0,FALSE,
179,舒来喜鱼锅,9,舒来喜鱼锅,正确,0,FALSE,
415,水浒烤肉,41,水浒烤肉,正确,0,FALSE,
12,顺城羊肉鲜汤,1,顺城羊肉鲜汤,正确,0,,
321,四季同达生态园,2,四季同达生态园,正确,0,FALSE,
100,宋老三苏肉,2,宋老三苏肉,正确,0,FALSE,
298,苏记胡辣汤,1,苏记胡辣汤,正确,0,,
88,苏氏牛肉面,6,苏氏牛肉面,正确,0,FALSE,
289,岁岁羊,1,岁岁羊火锅,正确,0,,
121,踏脸网烤,0,踏脸网烧,正确,0,FALSE,1
259,谭鸭血,5,谭鸭血老火锅,正确,0,TRUE,
83,涛哥麻辣鱼,0,涛哥魚火锅,正确,0,,
130,特味村美食生态园,1,特味村美食生态园,正确,0,,
276,天堂鸟,5,天堂鸟,正确,0,FALSE,
188,田王兔肉店,1,田王兔肉店,正确,0,,
378,铁板诱惑二七万达店,0,铁板诱惑法式铁板烧,正确,0,FALSE,
283,同胜祥,14,同胜祥,正确,0,FALSE,
25,土大力,13,土大力,正确,0,FALSE,1
95,蛙来哒,1,蛙来哒,正确,0,FALSE,
234,瓦库茶馆17号,1,瓦库茶馆17号,正确,0,,
416,外公的饺子外婆的面,2,外公的饺子外婆的面,正确,0,,
186,外婆家,19,外婆家,正确,0,TRUE,
207,王春光,35,王春光早餐工程,正确,0,FALSE,
165,王春光早餐,16,王春光早餐工程,正确,0,FALSE,
74,王春光早餐店,0,王春光早餐工程,正确,0,FALSE,
85,王春光早餐工程,13,王春光早餐工程,正确,0,FALSE,
7,王婆大虾,189,王婆大虾,正确,0,FALSE,
532,闻香居骨头城,0,生记闻香居,正确,0,,
392,巫山烤鱼,13,巫山烤鱼,正确,0,,
180,无名缘米粉,12,无名缘米粉,正确,0,,
529,毋米粥,4,毋米粥开煲,正确,0,FALSE,
73,五号公路,0,5号公路餐厅,正确,0,TRUE,
369,西贝莜面,1,西贝莜面村,正确,0,TRUE,
449,西贝莜面村,1,西贝莜面村,正确,0,TRUE,
196,西部大盘鸡,82,西部大盘鸡,正确,0,FALSE,
160,西关味,7,西关味,正确,0,FALSE,1
400,熙长安,1,熙长安,正确,0,FALSE,
221,喜虾客,12,喜虾客,正确,0,FALSE,1
225,喜虾客无限城店,0,喜虾客,正确,0,FALSE,1
117,乡村大盘鸡,7,乡村大盘鸡,正确,0,FALSE,
293,乡村大食堂,4,乡村大食堂,正确,0,,
500,香天下大酒店,0,香天下,正确,0,FALSE,
118,湘菜园,1,湘菜园,正确,0,,
140,湘聚,5,湘聚楼,正确,0,,
395,象朴泰式浓汤市集,1,象朴泰式浓汤市集,正确,0,,
355,逍遥镇胡辣汤,380,逍遥镇胡辣汤,正确,0,FALSE,
6,小V家秘制火锅鸡,5,小V家秘制火锅鸡,正确,0,FALSE,
580,小城固始,4,小城固始,正确,0,,
126,小李烧烤,2,小李烧烤,正确,0,,
31,小六家,3,小六家,正确,0,FALSE,
437,小六家拌面,2,小六家,正确,0,FALSE,
583,小六汤包,3,小六汤包,正确,0,,
71,小龙坎,11,小龙坎老火锅,正确,0,FALSE,1
27,小龙坎火锅,0,小龙坎老火锅,正确,0,FALSE,1
101,小秦川,1,阿德餐饮小秦川西北菜,正确,0,,
103,小杨烤肉,0,小杨烧烤,正确,0,,
34,小猪小牛,2,小猪小牛章鱼水煎肉,正确,0,FALSE,
305,小拙匠,4,小拙匠火锅,正确,0,FALSE,1
156,新疆吵米粉,0,新疆炒米粉,正确,0,FALSE,
131,新疆大盘鸡,31,新疆大盘鸡,正确,0,,
386,新胜记,1,新胜记海鲜肥牛火锅酒家,正确,0,,
552,许昌李二鲜鱼村,0,李二鲜鱼,正确,0,,
258,延庆祥炸鸡,1,延庆祥炸鸡,正确,0,FALSE,
87,严厨酸菜鱼,0,严厨老坛酸菜鱼,正确,0,FALSE,
136,宴和饺子馆,1,宴和饺子馆,正确,0,,
178,宴奴饺子馆,1,宴奴饺子馆,正确,0,,
199,宴秋,7,宴秋杭州菜,正确,0,FALSE,1
299,宴遇草原,1,宴遇草原家,正确,0,,
222,羊大爷烤羊腿,1,羊大爷烤羊腿,正确,0,TRUE,
137,杨国福麻辣烫,63,杨国福麻辣烫,正确,0,,
383,杨记烩面馆,3,杨记烩面馆,正确,0,,
515,杨记清芳,6,杨记清芳牛肉拉面,正确,0,FALSE,
255,夜食记,1,和煦夜食记,正确,0,,
434,夜小红,20,夜小红炒虾尾,正确,0,FALSE,1
252,夜小红炒虾尾,19,夜小红炒虾尾,正确,0,FALSE,1
558,烨田生态园,1,烨田生态园·清真,正确,0,,
503,溢香苑,5,溢香苑烩面,正确,0,,
236,隐野食堂,1,隐野食堂,正确,0,FALSE,
414,鱼湘洞庭府,1,鱼湘洞庭府·宴会厅,正确,0,,
575,遇见小火锅,3,遇见小火锅,正确,0,,
139,裕丰园,1,裕丰园,正确,0,,
341,豫锦记,4,豫锦记葱花大饼,正确,0,,
247,豫满楼,10,豫满楼,正确,0,FALSE,
268,袁记串串香,4,袁记串串香,正确,0,FALSE,
146,悦餐馆,0,悦小馆,正确,0,FALSE,
49,悦小馆,1,悦小馆,正确,0,FALSE,
231,张福记,7,张福记,正确,0,FALSE,
152,张亮麻辣烫,97,张亮麻辣烫,正确,0,FALSE,
9,赵记烩面,4,赵记烩面,正确,0,,
484,正阳县谷养元,0,谷养元粥铺,正确,0,,
461,郑喜旺烧烤荥阳店,0,郑喜旺烧烤,正确,0,FALSE,
481,炙度围炉烧,1,炙度围炉烧,正确,0,FALSE,
227,中牟县建设路谷养元,0,谷养元粥铺,正确,0,,
119,中兴楼,2,中兴楼,正确,0,,
455,状元烤场,2,状元烤场,正确,0,FALSE,
147,酔巴鲜烤鱼,0,醉巴鲜烤鱼,正确,0,FALSE,
109,醉巴仙烤鱼,0,醉巴鲜烤鱼,正确,0,FALSE,
251,醉巴仙烤鱼熙地港店,0,醉巴鲜烤鱼,正确,0,FALSE,
239,醉巴鲜烤鱼,12,醉巴鲜烤鱼,正确,0,FALSE,
382,醉鱼轩,4,醉鱼轩烤鱼,正确,0,FALSE,
